{
    "profileName": "John",
    "highScore": 3500,
    "colour": {
        "r": 0.4095735251903534,
        "g": 0.34537214040756228,
        "b": 0.3989059031009674,
        "a": 1.0
    },
    "mount": "Dragon",
    "ghostData": {
        "ghostDataFrames": []
    }
}