{
    "profileName": "Jordan",
    "highScore": 0,
    "colour": {
        "r": 0.5450981259346008,
        "g": 0.0,
        "b": 0.5450981259346008,
        "a": 1.0
    },
    "mount": "Dragon"
}