{
    "profileName": "Jordan",
    "highScore": 1200,
    "colour": {
        "r": 0.10154998302459717,
        "g": 0.9121875762939453,
        "b": 0.7358343005180359,
        "a": 1.0
    },
    "mount": "Snake",
    "ghostData": {
        "ghostDataFrames": []
    }
}