{
    "profileName": "Work",
    "highScore": 0,
    "colour": {
        "r": 0.4331890940666199,
        "g": 0.8423641920089722,
        "b": 0.7144985198974609,
        "a": 1.0
    },
    "mount": "Snake",
    "ghostData": {
        "ghostDataFrames": []
    }
}